,Stage I,Stage II,Stage III
Stage I,0.0,0.0,0.0
Stage II,0.007759018280092063,0.579832207662541,0.1538502185771017
Stage III,0.0,0.11262132659336617,0.026402788142395436
