,Stage I,Stage II,Stage III
Stage I,0.0,0.0,0.0
Stage II,0.04406592264993641,2.1047247802472477,0.16641926377721716
Stage III,0.0,0.20202253418426752,0.0
